,Image_Link,Actor Name,Twitter Handle
0,https://pbs.twimg.com/profile_images/1138177088136011776/Rnp146CU_400x400.jpg,Amitabh Bachchan,@SrBachchan
1,https://pbs.twimg.com/profile_images/838562307/IMG00882-20100416-0034_400x400.jpg,Salman Khan,@BeingSalmanKhan
2,https://pbs.twimg.com/profile_images/661679664/keep_it_onn_400x400.jpg,Shah Rukh Khan,@iamsrk
3,https://pbs.twimg.com/profile_images/1085067824840822785/ychTUtB8_400x400.jpg,Akshay Kumar,@akshaykumar
4,https://pbs.twimg.com/profile_images/1166471091663122433/5ULjGFJS_400x400.jpg,Hrithik Roshan,@iHrithik
5,https://pbs.twimg.com/profile_images/1251822763741831169/gQyUmi6N_400x400.jpg,Deepika Padukone,@deepikapadukone
6,https://pbs.twimg.com/profile_images/1195009386189639682/JLZgJ-S3_400x400.jpg,PRIYANKA,@priyankachopra
7,https://pbs.twimg.com/profile_images/1197147260716339201/MO7Xagsu_400x400.jpg,Aamir Khan,@aamir_khan
8,https://pbs.twimg.com/profile_images/1195210447172952064/oZyMahy-_400x400.jpg,Anushka Sharma,@AnushkaSharma
9,https://pbs.twimg.com/profile_images/1183610291382128640/3CNFRhNJ_400x400.jpg,Alia Bhatt,@aliaa08
10,https://pbs.twimg.com/profile_images/1248929933436407810/rIlg2Q2U_400x400.jpg,Anupam Kher,@AnupamPKher
11,https://pbs.twimg.com/profile_images/1215623367526502402/d5RnSorn_400x400.jpg,Sonakshi Sinha,@sonakshisinha
12,https://pbs.twimg.com/profile_images/1152215560869953536/mSjwFhbF_400x400.jpg,Kapil Sharma,@KapilSharmaK9
13,https://pbs.twimg.com/profile_images/1120067410927783936/6-SXLIjq_400x400.jpg,Shahid Kapoor,@shahidkapoor
14,https://pbs.twimg.com/profile_images/719427633117671425/J5wKAQlQ_400x400.jpg,Abhishek Bachchan,@juniorbachchan
15,https://pbs.twimg.com/profile_images/1243142721474138113/2bNbTGl8_400x400.jpg,Parineeti Chopra,@ParineetiChopra
16,https://pbs.twimg.com/profile_images/1193734068917043200/3RpUIXyk_400x400.jpg,Ranveer Singh,@RanveerOfficial
17,https://pbs.twimg.com/profile_images/1145948449193566208/SvvELvMl_400x400.jpg,Sonam K Ahuja,@sonamakapoor
18,https://pbs.twimg.com/profile_images/916953695522234369/xA5XaiwM_400x400.jpg,Ajay Devgn,@ajaydevgn
19,https://pbs.twimg.com/profile_images/1244562368547278850/QFMdb3kk_400x400.jpg,Shraddha,@ShraddhaKapoor
20,https://pbs.twimg.com/profile_images/1231607933332418561/IqBNq7l2_400x400.jpg,Varun Dhawan,@Varun_dvn
21,https://pbs.twimg.com/profile_images/1015312372062273536/AH0CqQKa_400x400.jpg,Riteish Deshmukh,@Riteishd
22,https://pbs.twimg.com/profile_images/1184706565216948224/Z3QQ1QAQ_400x400.jpg,Sidharth Malhotra,@SidMalhotra
23,https://pbs.twimg.com/profile_images/1143421283218051073/UAKeJTmA_400x400.png,Mahesh Babu,@urstrulyMahesh
24,https://pbs.twimg.com/profile_images/1230835033130196995/j9ZRCFtW_400x400.jpg,Dhanush,@dhanushkraja
25,https://pbs.twimg.com/profile_images/1179629959293239296/AsPKmkVT_400x400.jpg,Madhuri Dixit Nene,@MadhuriDixit
26,https://pbs.twimg.com/profile_images/1214423635907137537/WgBsNRuq_400x400.jpg,Samantha Akkineni,@Samanthaprabhu2
27,https://pbs.twimg.com/profile_images/1246069247312146434/R12u71i5_400x400.jpg,Vir Das,@thevirdas
28,https://pbs.twimg.com/profile_images/1224293961470070784/XYD_CGEV_400x400.jpg,shruti haasan,@shrutihaasan
29,https://pbs.twimg.com/profile_images/1132453987/20th06_august-370-2done_thin_0_0_0_0_-5_0_400x400.jpg,Farah Khan,@TheFarahKhan
30,https://pbs.twimg.com/profile_images/870589688465182720/RhRnOiGG_400x400.jpg,Tanmay Bhat,@thetanmay
31,https://pbs.twimg.com/profile_images/1225846635344752640/VF5nhIU6_400x400.jpg,Bipasha Basu,@bipsluvurself
32,https://pbs.twimg.com/profile_images/1207891605459369984/iq0HC8kF_400x400.jpg,arjunk26,@arjunk26
33,https://pbs.twimg.com/profile_images/1119655849977188353/VJum8hjc_400x400.jpg,sushmita sen,@thesushmitasen
34,https://pbs.twimg.com/profile_images/888341377729273856/OJGYfJTs_400x400.jpg,Mohanlal,@Mohanlal
35,https://pbs.twimg.com/profile_images/1244269582732234758/M4FFY64S_400x400.jpg,SHILPA SHETTY KUNDRA,@TheShilpaShetty
36,https://pbs.twimg.com/profile_images/936095310475956224/Sp5d5Gon_400x400.jpg,Nagarjuna Akkineni,@iamnagarjuna
37,https://pbs.twimg.com/profile_images/932972987925520385/tUTtlK6x_400x400.jpg,Kamal Haasan,@ikamalhaasan
38,https://pbs.twimg.com/profile_images/1231227065166286850/NCD7tEZj_400x400.jpg,Rana Daggubati,@RanaDaggubati
39,https://pbs.twimg.com/profile_images/1084418439337336832/pVRN7APS_400x400.jpg,Sivakarthikeyan,@Siva_Kartikeyan
40,https://pbs.twimg.com/profile_images/980000107415314432/pJ3ANCkn_400x400.jpg,Rajinikanth,@rajinikanth
41,https://pbs.twimg.com/profile_images/766010385426214912/vg0tV1Ka_400x400.jpg,Sunil Grover,@WhoSunilGrover
42,https://pbs.twimg.com/profile_images/752433026655670272/WUK0ZmxW_400x400.jpg,Suriya Sivakumar,@Suriya_offl
43,https://pbs.twimg.com/profile_images/1232951548071702530/m9Jn86lP_400x400.jpg,Anil Kapoor,@AnilKapoor
44,https://pbs.twimg.com/profile_images/664342899920760832/_HMAYCg1_400x400.jpg,Boman Irani,@bomanirani
45,https://pbs.twimg.com/profile_images/1137343534644621312/M4sYuCso_400x400.jpg,Ayushmann Khurrana,@ayushmannk
46,https://pbs.twimg.com/profile_images/773617880571211776/iLPbB6RT_400x400.jpg,KRK,@kamaalrkhan
47,https://pbs.twimg.com/profile_images/976651286841044992/74Ak5_Wf_400x400.jpg,Genelia Deshmukh,@geneliad
48,https://pbs.twimg.com/profile_images/1116074271040782336/c4nV0kpy_400x400.jpg,Juhi Chawla,@iam_juhi
49,https://pbs.twimg.com/profile_images/917631983370461184/bXQjpkDe_400x400.jpg,Preity G Zinta,@realpreityzinta
50,https://pbs.twimg.com/profile_images/928946397436506113/6QE6iLb7_400x400.jpg,Disha Patani,@DishPatani
51,https://pbs.twimg.com/profile_images/426226358033723392/otMsLPqj_400x400.jpeg,Hansika,@ihansika
52,https://pbs.twimg.com/profile_images/1238533104832307200/HQo8jKtg_400x400.jpg,arjun rampal,@rampalarjun
53,https://pbs.twimg.com/profile_images/889429347576102912/vTzr50qF_400x400.jpg,Tamannaah Bhatia,@tamannaahspeaks
54,https://pbs.twimg.com/profile_images/867818671124733952/pxq9jP2R_400x400.jpg,ameesha patel,@ameesha_patel
55,https://pbs.twimg.com/profile_images/899537328531582976/PyChPwP0_400x400.jpg,Allu Arjun,@alluarjun
56,https://pbs.twimg.com/profile_images/1244865113573568512/-UV6jOJH_400x400.jpg,Tiger Shroff,@iTIGERSHROFF
57,https://pbs.twimg.com/profile_images/1193317972435075074/wu5Qrwwz_400x400.jpg,Nargis,@NargisFakhri
58,https://pbs.twimg.com/profile_images/1146472490253742081/2wDg1l0D_400x400.jpg,taapsee pannu,@taapsee
59,https://pbs.twimg.com/profile_images/1177293968326791168/EGQumizX_400x400.jpg,Rakul Singh,@Rakulpreet
60,https://pbs.twimg.com/profile_images/520404154624131075/7Uv4dfh8_400x400.jpeg,Rohan,@mojorojo
61,https://pbs.twimg.com/profile_images/1113483042054602752/AhSXQDFX_400x400.jpg,Yami Gautam,@yamigautam
62,https://pbs.twimg.com/profile_images/727053878978449408/rHgoO6Za_400x400.jpg,Kajal Aggarwal,@MsKajalAggarwal
63,https://pbs.twimg.com/profile_images/894049094162726912/7FrxBgbF_400x400.jpg,Nani,@NameisNani
64,https://pbs.twimg.com/profile_images/1245650804138070016/dvKIRrPh_400x400.jpg,Rishi Kapoor,@chintskap
65,https://pbs.twimg.com/profile_images/1205573183337664512/910wIK2p_400x400.jpg,Huma S Qureshi,@humasqureshi
66,https://pbs.twimg.com/profile_images/1161574102978584579/KQ4SHR_F_400x400.jpg,Jayam Ravi,@actor_jayamravi
67,https://pbs.twimg.com/profile_images/741172105149075456/6daw4t33_400x400.jpg,Azmi Shabana,@AzmiShabana
68,https://pbs.twimg.com/profile_images/670680292/Profile_Image_400x400.jpg,Lara Dutta Bhupathi,@LaraDutta
69,https://pbs.twimg.com/profile_images/1095614426470858752/R3w8cvdw_400x400.jpg,Dia Mirza,@deespeak
70,https://pbs.twimg.com/profile_images/1194466244977496064/ai-5dHX1_400x400.jpg,venkat prabhu,@vp_offl
71,https://pbs.twimg.com/profile_images/622423597248688128/IIywKWNt_400x400.jpg,Mouni Roy,@Roymouni
72,https://pbs.twimg.com/profile_images/739491566734049280/BDS5ofqH_400x400.jpg,John Abraham,@TheJohnAbraham
73,https://pbs.twimg.com/profile_images/1060069112947322880/mQ_-NvAJ_400x400.jpg,Gauahar Khan,@GAUAHAR_KHAN
74,https://pbs.twimg.com/profile_images/1244589245475491840/Iazyo9Ux_400x400.jpg,nithiin,@actor_nithiin
75,https://pbs.twimg.com/profile_images/719451547697037312/LuLA4ji1_400x400.jpg,Gul Panag,@GulPanag
76,https://pbs.twimg.com/profile_images/1156089313928437760/0DYGqIje_400x400.jpg,Mallika Sherawat,@mallikasherawat
77,https://pbs.twimg.com/profile_images/1043106468059217920/GniO9M-Z_400x400.jpg,Keerthy Suresh,@KeerthyOfficial
78,https://pbs.twimg.com/profile_images/906558208549937152/z8n8s7-m_400x400.jpg,Nawazuddin Siddiqui,@Nawazuddin_S
79,https://pbs.twimg.com/profile_images/1195973689650679808/aPwcVKnn_400x400.jpg,Ileana D'Cruz,@Ileana_Official
80,https://pbs.twimg.com/profile_images/581029195012186112/DqdlVzGH_400x400.jpg,Paresh Rawal,@SirPareshRawal
81,https://pbs.twimg.com/profile_images/1132927567273627654/TxuF60JI_400x400.jpg,Ranganathan Madhavan,@ActorMadhavan
82,https://pbs.twimg.com/profile_images/1252179275605618689/P6Oovc50_400x400.jpg,Neha Dhupia,@NehaDhupia
83,https://pbs.twimg.com/profile_images/1234365719715799040/1GITHeOP_400x400.jpg,Akhil Akkineni,@AkhilAkkineni8
84,https://pbs.twimg.com/profile_images/1183298758273945601/tZ56sEaA_400x400.jpg,Varun Tej Konidela ü•ä,@IAmVarunTej
85,https://pbs.twimg.com/profile_images/1207298756799946753/EKTS301R_400x400.jpg,Udhay,@Udhaystalin
86,https://pbs.twimg.com/profile_images/861934685802377216/vX4Du1z8_400x400.jpg,Prabhudheva,@PDdancing
87,https://pbs.twimg.com/profile_images/1181099806728474624/Rkd1eoeQ_400x400.jpg,Nayanthara‚ú®,@NayantharaU
88,https://pbs.twimg.com/profile_images/1217416019657912323/GbUHmfm7_400x400.jpg,Vijay,@actorvijay
89,https://pbs.twimg.com/profile_images/1131498769457922049/_woSDupI_400x400.jpg,Athiya Shetty,@theathiyashetty
90,https://pbs.twimg.com/profile_images/624520958032875520/RRODM_xc_400x400.jpg,Emraan Hashmi,@emraanhashmi
91,https://pbs.twimg.com/profile_images/1208724287017717761/NDT5r_8K_400x400.jpg,Kichcha Sudeepa,@KicchaSudeep
92,https://pbs.twimg.com/profile_images/861299957751480320/nKKaUDfb_400x400.jpg,Konkona Sensharma,@konkonas
93,https://pbs.twimg.com/profile_images/1192442872156450816/ebi0QNFm_400x400.jpg,Priya Anand,@PriyaAnand
94,https://pbs.twimg.com/profile_images/921700493616857088/14ihjHfJ_400x400.jpg,Jiiva,@JiivaOfficial
95,https://pbs.twimg.com/profile_images/1017698378220736512/gFO4OYTO_400x400.jpg,Irrfan,@irrfank
96,https://pbs.twimg.com/profile_images/1200268980599971840/9AUVffzi_400x400.jpg,Vivek Anand Oberoi,@vivekoberoi
97,https://pbs.twimg.com/profile_images/1236620042751508480/881Du3x0_400x400.jpg,Arshad Warsi,@ArshadWarsi
98,https://pbs.twimg.com/profile_images/1189100084798951429/WwYlODFV_400x400.jpg,RAm POthineni,@ramsayz
99,https://pbs.twimg.com/profile_images/879234663587475457/luO68Wok_400x400.jpg,Soha Ali Khan,@sakpataudi
100,https://pbs.twimg.com/profile_images/1222273381657194496/CwS8nu0x_400x400.jpg,Elisabet Elli AvrRam,@ElliAvrRam
101,https://pbs.twimg.com/profile_images/1172407531425021952/sICBR_wC_400x400.jpg,Vikram Prabhu,@iamVikramPrabhu
102,https://pbs.twimg.com/profile_images/917431263551565824/fCDyXoLk_400x400.jpg,Sanjay Dutt,@duttsanjay
103,https://pbs.twimg.com/profile_images/1020639297727225856/l61djAed_400x400.jpg,Amala Paul ‚≠êÔ∏è,@Amala_ams
104,https://pbs.twimg.com/profile_images/826429978887598080/CDykn4hW_400x400.jpg,chaitanya akkineni,@chay_akkineni
105,https://pbs.twimg.com/profile_images/1216259178324344833/_Gq75aP3_400x400.jpg,Raveena Tandon,@TandonRaveena
106,https://pbs.twimg.com/profile_images/1225744586850439169/sa3T2mct_400x400.jpg,Sai Dharam Tej,@IamSaiDharamTej
107,https://pbs.twimg.com/profile_images/1156815363717255168/YAD66_aE_400x400.jpg,Jennifer Winget,@jenwinget
108,https://pbs.twimg.com/profile_images/3155003928/bf62cf2119a909d1fafd5c0ee11ef421_400x400.jpeg,Rahul Bose,@RahulBose1
109,https://pbs.twimg.com/profile_images/1017125638149496832/c0NjGg0H_400x400.jpg,Katrina Kaif Online,@KatrinaKaifFB
110,https://pbs.twimg.com/profile_images/3659108919/117960084bd1915a1e4c202e491b55c6_400x400.jpeg,dulquer salmaan,@dulQuer
111,https://pbs.twimg.com/profile_images/1217357606458540032/pEB4Ox1-_400x400.jpg,Gautam Gulati üáÆüá≥,@TheGautamGulati
112,https://pbs.twimg.com/profile_images/1147957685540855811/wmv2aQk9_400x400.jpg,RAAI LAXMI,@iamlakshmirai
113,https://pbs.twimg.com/profile_images/1248616929863954434/jA8pjzsp_400x400.jpg,Sathish,@actorsathish
114,https://pbs.twimg.com/profile_images/866982418842083328/3jA_AId1_400x400.jpg,Gautam Rode,@gautam_rode
115,https://pbs.twimg.com/profile_images/1010877361007587329/WC85pWi-_400x400.jpg,Biswa Kalyan Rath,@kalyanrath
116,https://pbs.twimg.com/profile_images/1047169867248541696/w3sbUdAh_400x400.jpg,Kareena Kapoor Khan,@KareenaOnline
117,https://pbs.twimg.com/profile_images/1172402203404824577/QS8J-nVO_400x400.jpg,Sapan Verma,@sapanv
118,https://pbs.twimg.com/profile_images/1196673388216905731/w7S7RNah_400x400.jpg,Neil Nitin Mukesh,@NeilNMukesh
119,https://pbs.twimg.com/profile_images/1253315659548602368/-rsex-PV_400x400.jpg,ArunVijay,@arunvijayno1
120,https://pbs.twimg.com/profile_images/1251081456358547457/nyTrp75t_400x400.jpg,VISHNU VISHAL - stay home stay safe,@TheVishnuVishal
121,https://pbs.twimg.com/profile_images/1217467677683240961/gT3eugRO_400x400.jpg,Arbaaz Khan,@arbaazSkhan
122,https://pbs.twimg.com/profile_images/914755374640533504/LG4uaWV9_400x400.jpg,Neha Sharma,@Officialneha
123,https://pbs.twimg.com/profile_images/1251043230554054658/4X4-c-wn_400x400.jpg,Radhakrishnan Parthiban,@rparthiepan
124,https://pbs.twimg.com/profile_images/1153966101547536385/Ed-2dX2H_400x400.jpg,Actor Soori,@sooriofficial
125,https://pbs.twimg.com/profile_images/1213011587620933632/r9JIMJRb_400x400.jpg,Lakshmi Manchu,@LakshmiManchu
126,https://pbs.twimg.com/profile_images/1173494432877797376/IUwO2dIH_400x400.jpg,Allu Sirish,@AlluSirish
127,https://pbs.twimg.com/profile_images/1186540631486844929/GvUSSmc-_400x400.jpg,Nivin Pauly,@NivinOfficial
128,https://pbs.twimg.com/profile_images/842275609434808321/5up11583_400x400.jpg,Uday Chopra,@udaychopra
129,https://pbs.twimg.com/profile_images/1034228984223944704/GWSj6Wd7_400x400.jpg,Abish Mathew,@abishmathew
130,https://pbs.twimg.com/profile_images/1224933755598491650/phzAkPd7_400x400.jpg,Radikaa Sarathkumar,@realradikaa
131,https://pbs.twimg.com/profile_images/1188356977744736257/psLsRi7a_400x400.jpg,MM*üôèüèª‚ù§Ô∏è,@HeroManoj1
132,https://pbs.twimg.com/profile_images/1218075202984169472/LlNQvmWF_400x400.jpg,arvind swami,@thearvindswami
133,https://pbs.twimg.com/profile_images/1185535851079426054/kaQpoaSM_400x400.jpg,Actor Karthi,@Karthi_Offl
134,https://pbs.twimg.com/profile_images/1226875599265751043/J4SR0eiw_400x400.jpg,Diana Penty,@DianaPenty
135,https://pbs.twimg.com/profile_images/1188877213476642816/yOSSEjxR_400x400.jpg,Srabanti,@srabantismile
136,https://pbs.twimg.com/profile_images/1213135512669581312/pu-axbBR_400x400.jpg,Allari Naresh,@allarinaresh
137,https://pbs.twimg.com/profile_images/1242787970924634112/mcuWsmPL_400x400.jpg,Shanthnu üåü ‡Æ∑‡Ææ‡Æ®‡Øç‡Æ§‡Æ©‡ØÅ Buddy,@imKBRshanthnu
138,https://pbs.twimg.com/profile_images/1079990781136449536/Bv3-mKWX_400x400.jpg,Sumona Chakravarti,@sumona24
139,https://pbs.twimg.com/profile_images/790986625056591872/_ue-djrg_400x400.jpg,Prachi Desai,@ItsPrachiDesai
140,https://pbs.twimg.com/profile_images/1129750432014917633/vA9Tw7BY_400x400.jpg,mandira bedi,@mandybedi
141,https://pbs.twimg.com/profile_images/1141902958038155265/QMY692Lc_400x400.jpg,Koel Mallick,@YourKoel
142,https://pbs.twimg.com/profile_images/1226602434044129280/F10BRUZ9_400x400.jpg,raima sen,@raimasen
143,https://pbs.twimg.com/profile_images/1243683246400884736/IzmWD63-_400x400.jpg,Nikhil Siddhartha,@actor_Nikhil
144,https://pbs.twimg.com/profile_images/1246325077399842816/b3lZL7ex_400x400.jpg,ùëΩùíÇùíìùíÇùíçùíÇùíôùíéùíä ùë∫ùíÇùíìùíÇùíïùíâùíåùíñùíéùíÇùíì,@varusarath
145,https://pbs.twimg.com/profile_images/1172775230088994817/DAktHvv4_400x400.jpg,Vishal,@VishalKOfficial
146,https://pbs.twimg.com/profile_images/1228668319734976513/YkbNAu-1_400x400.jpg,Prosenjit Chatterjee,@prosenjitbumba
147,https://pbs.twimg.com/profile_images/1063961789258297344/pEQbJ8Fb_400x400.jpg,Priyamani Raj,@priyamani6
148,https://pbs.twimg.com/profile_images/1157916573497040896/k5Sl1DoX_400x400.jpg,Manjima Mohan,@mohan_manjima
149,https://pbs.twimg.com/profile_images/977218088662745088/f-GpMOPN_400x400.jpg,Adah Sharma,@adah_sharma
150,https://pbs.twimg.com/profile_images/1181925348432203777/U0L9AXBf_400x400.jpg,Kiara Advani,@advani_kiara
151,https://pbs.twimg.com/profile_images/799854829883428865/08-iS9c6_400x400.jpg,Sumanth,@iSumanth
152,https://pbs.twimg.com/profile_images/1039156898363322368/iPWhB5-g_400x400.jpg,sonu sood,@SonuSood
153,https://pbs.twimg.com/profile_images/1168884982179233792/A-kypAH5_400x400.jpg,Jeet,@jeet30
154,https://pbs.twimg.com/profile_images/1207939947337932800/jiCcUcoE_400x400.jpg,Vedhika,@Vedhika4u
155,https://pbs.twimg.com/profile_images/1234759443193180161/5qmltfjB_400x400.jpg,Sahil Shah üáÆüá≥,@SahilBulla
156,https://pbs.twimg.com/profile_images/784932795378339840/yaVqiRkG_400x400.jpg,Chitrangda Singh,@IChitrangda
157,https://pbs.twimg.com/profile_images/1250647060396806145/mzJ-ctGV_400x400.jpg,manoj bajpayee,@BajpayeeManoj
158,https://pbs.twimg.com/profile_images/1217684398822182913/avvfUsSa_400x400.jpg,Mammootty,@mammukka
159,https://pbs.twimg.com/profile_images/1249579730904526849/JS7VK2_P_400x400.jpg,Aditi Rao Hydari,@aditiraohydari
160,https://pbs.twimg.com/profile_images/1054582857287364614/mUcwAe5S_400x400.jpg,Hema Malini,@dreamgirlhema
161,https://pbs.twimg.com/profile_images/1248913857705177088/-p60S3_-_400x400.jpg,Karan Tacker,@karantacker
162,https://pbs.twimg.com/profile_images/1231068460613918720/mWTHmLFq_400x400.jpg,Abir Chatterjee,@itsmeabir
163,https://pbs.twimg.com/profile_images/806446037204434944/znbO34QL_400x400.jpg,Karan Wahi,@karan009wahi
164,https://pbs.twimg.com/profile_images/1159081128617058305/UB0y3NDh_400x400.jpg,Zakir Khan,@Zakirism
165,https://pbs.twimg.com/profile_images/1229068101360246784/FwB3zqdT_400x400.jpg,Kareena Kapoor Khan,@KareenaMania
166,https://pbs.twimg.com/profile_images/1000803064456998912/vRoLpHRZ_400x400.jpg,Jimmy sheirgill,@jimmysheirgill
167,https://pbs.twimg.com/profile_images/1242458101032288258/Gw205ru3_400x400.jpg,subhashree ganguly,@subhashreesotwe
168,https://pbs.twimg.com/profile_images/1234046823355973633/TXBxeYyh_400x400.jpg,Dev,@idevadhikari
169,https://pbs.twimg.com/profile_images/1153280536791715840/g4afdwj-_400x400.jpg,Celina Jaitly,@CelinaJaitly
170,https://pbs.twimg.com/profile_images/1148284386804031490/9BKCP3M9_400x400.jpg,Asha Negi,@AshaNegi7
171,https://pbs.twimg.com/profile_images/1244590992365252609/QsbIWfF0_400x400.jpg,Gautham Karthik,@Gautham_Karthik
172,https://pbs.twimg.com/profile_images/1236244321700999170/GJvkw1ST_400x400.jpg,Janani,@jan_iyer
173,https://pbs.twimg.com/profile_images/1126342237296545792/FV6MlEXp_400x400.jpg,Anita Hassanandani,@anitahasnandani
174,https://pbs.twimg.com/profile_images/980293550393868290/fwrSj6xa_400x400.jpg,Azeem Banatwalla,@TheBanat
175,https://pbs.twimg.com/profile_images/985788706291310592/OcprxF-K_400x400.jpg,Kalki ‡§ï‡•á‡§ï‡§≤‡§æ,@kalkikanmani
176,https://pbs.twimg.com/profile_images/624069830031708160/wa_i_HIL_400x400.jpg,ReginaCassandra,@ReginaCassandra
177,https://pbs.twimg.com/profile_images/563872485234339840/zLwAicSo_400x400.jpeg,anurag basu,@basuanurag
178,https://pbs.twimg.com/profile_images/1165687702991163392/cIgqsjAV_400x400.jpg,kiku sharda,@kikusharda
179,https://pbs.twimg.com/profile_images/1237817009577971712/N_4DMIFR_400x400.jpg,Anushka Shetty,@Anushka_ASF
180,https://pbs.twimg.com/profile_images/1242628488437198848/LKL50CDk_400x400.jpg,Jaaved Jaaferi,@jaavedjaaferi
181,https://pbs.twimg.com/profile_images/1245287378664611845/1TJ7yWQ3_400x400.jpg,AMRITA RAO,@AmritaRao
182,https://pbs.twimg.com/profile_images/1068887069685100549/QI9iwffl_400x400.jpg,Minissha Lambba,@Minissha_Lamba
183,https://pbs.twimg.com/profile_images/1207317438582284291/uZy1NFKu_400x400.jpg,Raghava Lawrence,@offl_Lawrence
184,https://pbs.twimg.com/profile_images/1124974363193643009/alhsvAMP_400x400.jpg,sonia singh,@soniandtv
185,https://pbs.twimg.com/profile_images/594761242117410816/fwkGkusd_400x400.jpg,Jai,@Actor_Jai
186,https://pbs.twimg.com/profile_images/1161881062525378561/zZpLEmaJ_400x400.jpg,Ritu Varma,@riturv
187,https://pbs.twimg.com/profile_images/2611326359/c72s2xglc5r3e8ysrmu7_400x400.jpeg,Rahul Khanna,@R_Khanna
188,https://pbs.twimg.com/profile_images/1101888186261749762/Oml915Xo_400x400.jpg,Pranitha Subhash,@pranitasubhash
189,https://pbs.twimg.com/profile_images/1008202547105009664/XmgygP3u_400x400.jpg,Radhika Apte,@radhika_apte
190,https://pbs.twimg.com/profile_images/1213076813800337408/Vj7_KSPS_400x400.jpg,parambrata,@paramspeak
191,https://pbs.twimg.com/profile_images/671284165564751872/yP7soiJg_400x400.jpg,Mohan Babu M,@themohanbabu
192,https://pbs.twimg.com/profile_images/1193090073064955905/4Rqm9o2z_400x400.jpg,Mimssi,@mimichakraborty
193,https://pbs.twimg.com/profile_images/460052965890338817/qKIhS6K7_400x400.jpeg,Katrina Kaif,@KatrinaKaif_
194,https://pbs.twimg.com/profile_images/1188826581227233286/ACzJHl1j_400x400.jpg,Ali Asgar,@kingaliasgar
195,https://pbs.twimg.com/profile_images/791261237359349760/pZpdgIeJ_400x400.jpg,Suniel Shetty,@SunielVShetty
196,https://pbs.twimg.com/profile_images/1022539461689831426/NUJM1LNM_400x400.jpg,Rajkummar Rao,@RajkummarRao
197,https://pbs.twimg.com/profile_images/1253611619084414976/U3V_DZ6d_400x400.jpg,Randeep Hooda,@RandeepHooda
198,https://pbs.twimg.com/profile_images/1253699488746598402/76u5C-IS_400x400.jpg,Sushanth A,@iamSushanthA
199,https://pbs.twimg.com/profile_images/1101465552701153280/KvA9mU7d_400x400.jpg,Vaibhav,@actor_vaibhav
200,https://pbs.twimg.com/profile_images/1057917463738777601/P9zzyPdj_400x400.jpg,Sudheer Babu,@isudheerbabu
201,https://pbs.twimg.com/profile_images/1253051510809919490/5rKWySbh_400x400.jpg,Pragya Jaiswal,@ItsMePragya
202,https://pbs.twimg.com/profile_images/1147883174996746241/wwkYYik-_400x400.jpg,kriti kharbanda,@kriti_official
203,https://pbs.twimg.com/profile_images/378800000838302849/3f935b4afe35833dbe2a199027f10b46_400x400.jpeg,Khamba,@gkhamba
204,https://pbs.twimg.com/profile_images/855435826838347776/RsGLBrUE_400x400.jpg,Nikki Galrani,@nikkigalrani
205,https://pbs.twimg.com/profile_images/1227523982712168448/q2we5D8X_400x400.jpg,Sundeep Kishan,@sundeepkishan
206,https://pbs.twimg.com/profile_images/653452020267945985/SQBTMtfF_400x400.jpg,Raj Tarun,@itsRajTarun
207,https://pbs.twimg.com/profile_images/831197669821468672/VDIn6RyB_400x400.jpg,Maniesh Paul,@ManishPaul03
208,https://pbs.twimg.com/profile_images/1192821355013644290/R0duNRKC_400x400.jpg,Kartik Aaryan,@TheAaryanKartik
209,https://pbs.twimg.com/profile_images/1045991333457014788/Wkv3ebhf_400x400.jpg,Ritika Singh,@ritika_offl
210,https://pbs.twimg.com/profile_images/3147676621/748a7abfba6bb1cf21be558fd9cf4fe6_400x400.jpeg,Abhishek Kapoor,@Abhishekapoor
211,https://pbs.twimg.com/profile_images/1228612263537336320/hlbOS3hn_400x400.jpg,HK,@eyehinakhan
212,https://pbs.twimg.com/profile_images/1083387214577319937/0v3DUgqe_400x400.jpg,URVASHI RAUTELAüáÆüá≥,@UrvashiRautela
213,https://pbs.twimg.com/profile_images/1228047397231747072/PCE6WBdF_400x400.jpg,Kritika Kamra,@Kritika_Kamra
214,https://pbs.twimg.com/profile_images/995967856134279168/tALGenQP_400x400.jpg,Sameera Reddy,@reddysameera
215,https://pbs.twimg.com/profile_images/1098764013142388737/VVg2Cknl_400x400.jpg,Swastika Mukherjee,@swastika24
216,https://pbs.twimg.com/profile_images/1246185818403663872/5cSK0nws_400x400.jpg,Deepika Padukone FC,@DeepikaPFC
217,https://pbs.twimg.com/profile_images/1235818097317007360/YZJm6lyO_400x400.jpg,‡Æö‡Ææ‡ÆØ‡Øç ‡Æ§‡Æ©‡Øç‡Æ∑‡Æø‡Æï‡Ææ,@SaiDhanshika
218,https://pbs.twimg.com/profile_images/1188826053646544896/PZMuWP4i_400x400.jpg,Dilip Kumar,@TheDilipKumar
219,https://pbs.twimg.com/profile_images/1084130699228016646/RwAScj9d_400x400.jpg,Shiva,@actorshiva
220,https://pbs.twimg.com/profile_images/1062707800630026242/KZkh2E7f_400x400.jpg,Kunal Kapoor,@kapoorkkunal
221,https://pbs.twimg.com/profile_images/983722933309853696/evrLXooI_400x400.jpg,Shriya Saran,@shriya1109
222,https://pbs.twimg.com/profile_images/1162983103578591232/9mpH0H1-_400x400.jpg,Charmme Kaur,@Charmmeofficial
223,https://pbs.twimg.com/profile_images/870562955066097664/1QXiqgV4_400x400.jpg,Sunny Deol,@iamsunnydeol
224,https://pbs.twimg.com/profile_images/1132683534718496768/F_rmwweq_400x400.jpg,Divya Dutta,@divyadutta25
225,https://pbs.twimg.com/profile_images/991474426481856513/uMxm2LjV_400x400.jpg,Mamta Mohandas,@mamtamohan
226,https://pbs.twimg.com/profile_images/731468152396095488/GjK1TLt3_400x400.jpg,Dino Morea,@DinoMorea9
227,https://pbs.twimg.com/profile_images/1099115699463745537/YnCPh08M_400x400.jpg,Chandan Prabhakar,@haanjichandan
228,https://pbs.twimg.com/profile_images/1014171439400996865/yTrsbD2z_400x400.jpg,Tusshar,@TusshKapoor
229,https://pbs.twimg.com/profile_images/788353673185210368/jebYFY1M_400x400.jpg,Saumya Tandon,@saumyatandon
230,https://pbs.twimg.com/profile_images/1215308147125968896/ABZevR1Q_400x400.jpg,Kutty Haasan,@aksharahaasan1
231,https://pbs.twimg.com/profile_images/1015278236241100800/apC_KLF0_400x400.jpg,KUSHAL TANDON,@KushalT2803
232,https://pbs.twimg.com/profile_images/974356925516337152/fZ3ErSyr_400x400.jpg,Mini Mathur,@minimathur
233,https://pbs.twimg.com/profile_images/930316560899682304/YnXvJzGq_400x400.jpg,Esha Gupta,@eshagupta2811
234,https://pbs.twimg.com/profile_images/861256087340630018/LKRnG2MS_400x400.jpg,ma ka pa anandh,@makapa_anand
235,https://pbs.twimg.com/profile_images/1047011510281809920/sFcqdgjv_400x400.jpg,Navdeep,@pnavdeep26
236,https://pbs.twimg.com/profile_images/1066670306863939584/2kZc4BM6_400x400.jpg,Vijayalakshmi A,@vgyalakshmi
237,https://pbs.twimg.com/profile_images/1246805669165928448/KIQDu8fT_400x400.jpg,Shraddha das,@shraddhadas43
238,https://pbs.twimg.com/profile_images/534763843746930688/3KWoE0Wl_400x400.jpeg,Nisha Aggarwal,@AggNisha
239,https://pbs.twimg.com/profile_images/1162716630222344193/L_YcyzQo_400x400.jpg,vidya balan,@vidya_balan
240,https://pbs.twimg.com/profile_images/1091309923324039169/neZaTd1H_400x400.jpg,Sneha Ullal,@iamsnehaullal
241,https://pbs.twimg.com/profile_images/1204684378669899776/ws3v4xPp_400x400.jpg,Pulkit Samrat,@PulkitSamrat
242,https://pbs.twimg.com/profile_images/1197801617132683264/v01Dq5PK_400x400.jpg,vaani kapoor,@Vaaniofficial
243,https://pbs.twimg.com/profile_images/378800000170286813/0fe451875b0d575dc0cd65d7396de615_400x400.jpeg,kunal kemmu,@kunalkemmu
244,https://pbs.twimg.com/profile_images/1185504539215945728/ip9JBx1k_400x400.jpg,SONAL CHAUHAN,@sonalchauhan7
245,https://pbs.twimg.com/profile_images/1250812701036576769/tuHDsHsq_400x400.jpg,awryaditi,@awryaditi
246,https://pbs.twimg.com/profile_images/1019662882240282624/3HflW1l6_400x400.jpg,Nazriya Nazim,@NazriyaNazim_
247,https://pbs.twimg.com/profile_images/1234161940408258560/EkoHhrQm_400x400.jpg,Nimrat Kaur,@NimratOfficial
248,https://pbs.twimg.com/profile_images/965481063626588160/5tKe0Cis_400x400.jpg,Divyanka T Dahiya,@Divyanka_T
249,https://pbs.twimg.com/profile_images/1202243142512267270/y_Y2UrE8_400x400.jpg,Gautami Tadimalla,@gautamitads
250,https://pbs.twimg.com/profile_images/558283048857632768/izLouR1I_400x400.jpeg,amrita arora,@amuarora
251,https://pbs.twimg.com/profile_images/686924867065647105/tSHsbX5k_400x400.jpg,Ayesha Takia Azmi‚ô°,@Ayeshatakia
252,https://pbs.twimg.com/profile_images/855603040534970368/_1UdUUME_400x400.jpg,Kirron Kher,@KirronKherBJP
253,https://pbs.twimg.com/profile_images/1243998063040978946/CO50e9x__400x400.jpg,Aftab at üè°,@AftabShivdasani
254,https://pbs.twimg.com/profile_images/1095277301606998016/wzhLVyir_400x400.jpg,Esha Deol,@Esha_Deol
255,https://pbs.twimg.com/profile_images/829892143225401344/8XtPV2NW_400x400.jpg,Prithviraj Sukumaran,@PrithviOfficial
256,https://pbs.twimg.com/profile_images/878596877268025344/7Xr9dzKQ_400x400.jpg,Honeypreet  Insan,@insan_honey
257,https://pbs.twimg.com/profile_images/1148535875887722497/FakePNw8_400x400.jpg,P,@parnomittra
258,https://pbs.twimg.com/profile_images/1251391826835017728/iFarY91J_400x400.jpg,TheRichaChadha,@RichaChadha
259,https://pbs.twimg.com/profile_images/1241251638125289472/wInCPUjX_400x400.jpg,Sri Divya,@SDsridivya
260,https://pbs.twimg.com/profile_images/964832558423867392/rBj22djj_400x400.jpg,Tisca Chopra,@tiscatime
261,https://pbs.twimg.com/profile_images/1253215640661475329/R3-2-3CS_400x400.jpg,Karan Kundrra,@kkundrra
262,https://pbs.twimg.com/profile_images/1007940501939425280/MRmiZWLG_400x400.jpg,Surveen,@SurveenChawla
263,https://pbs.twimg.com/profile_images/1113371630036606976/7eX_5aBM_400x400.png,Sonali Bendre Behl,@iamsonalibendre
264,https://pbs.twimg.com/profile_images/955553399021490181/JUeOL88c_400x400.jpg,Ajaz Khan,@AjazkhanActor
265,https://pbs.twimg.com/profile_images/1219839494670733312/vRzuLG3O_400x400.jpg,Drashti Dhami,@drashti10
266,https://pbs.twimg.com/profile_images/1190535171499528193/WlZWebLo_400x400.jpg,Purab Kohli,@Purab_Kohli
267,https://pbs.twimg.com/profile_images/1252587277185888258/l4AZB6UF_400x400.jpg,Fardeen Feroz Khan,@FardeenFKhan
268,https://pbs.twimg.com/profile_images/1250644342206869504/Mu2I5vM4_400x400.jpg,Pia Bajpiee,@PiaBajpai
269,https://pbs.twimg.com/profile_images/909363548345815040/iwPVoitV_400x400.jpg,Mugdha Veira Godse,@mugdhagodse267
270,https://pbs.twimg.com/profile_images/719522366670315520/txmy1gRO_400x400.jpg,K . A,@kamaladli
271,https://pbs.twimg.com/profile_images/907210349341851650/gFz-obgy_400x400.jpg,Jackky  Bhagnani,@jackkybhagnani
272,https://pbs.twimg.com/profile_images/1122907851352002560/3V1w2b5d_400x400.jpg,Pooja Bedi,@poojabeditweets
273,https://pbs.twimg.com/profile_images/839361212903219201/6mPKh-lY_400x400.jpg,Ram Kapoor,@RamKapoor
274,https://pbs.twimg.com/profile_images/1186193855906861063/IDKs6YIV_400x400.jpg,Bani J‚ö°Ô∏è,@bani_j
275,https://pbs.twimg.com/profile_images/1251062914435280902/Fi0-ctnM_400x400.jpg,Mukti Mohan,@thisIsMukti
276,https://pbs.twimg.com/profile_images/1239546400423084033/a7YkzTRg_400x400.jpg,Koena Mitra,@koenamitra
277,https://pbs.twimg.com/profile_images/850192065673777153/wUK7h9fs_400x400.jpg,Ruben Onsu,@ruben_onsu
278,https://pbs.twimg.com/profile_images/947708578512756736/yxCJD93F_400x400.jpg,Sourabh raaj jain,@saurabhraajjain
279,https://pbs.twimg.com/profile_images/1014863282660954112/Xk5_Lz_4_400x400.jpg,Vinay Pathak,@pathakvinay
280,https://pbs.twimg.com/profile_images/1200671290182586369/Q5q64FHK_400x400.jpg,Shreyas Talpade,@shreyastalpade1
281,https://pbs.twimg.com/profile_images/564666090203009024/Hnng0p_2_400x400.jpeg,Sargun Mehta,@sargun_mehta
282,https://pbs.twimg.com/profile_images/1176286464767737856/YDrq2AIB_400x400.jpg,Karthika Nair,@KarthikaNair9
283,https://pbs.twimg.com/profile_images/1086234166516080641/2z7ECOaE_400x400.jpg,Shazahn Padamsee,@shazahnpadamsee
284,https://pbs.twimg.com/profile_images/835835688604041216/0sxvAyw1_400x400.jpg,shibani dandekar,@shibanidandekar
285,https://pbs.twimg.com/profile_images/770163670743552000/S1wonYj2_400x400.jpg,Divya Khosla Kumar,@iamDivyaKhosla
286,https://pbs.twimg.com/profile_images/1237015946570502144/1ICQb0X7_400x400.jpg,Kajju,@KajalAgarwal
287,https://pbs.twimg.com/profile_images/502339817749753856/2lDBm4TJ_400x400.jpeg,abhay deol,@AbhayDeol
288,https://pbs.twimg.com/profile_images/714039807/DSC_0138_400x400.jpg,Aparna Sen,@senaparna
289,https://pbs.twimg.com/profile_images/212824952/ranbir-kapoor-pic-10_400x400.jpg,Ranbir Kapoor,@Ranbir_Kapoor
290,https://pbs.twimg.com/profile_images/1185799493691662336/dOxndhZ4_400x400.jpg,PAYAL ROHATGI & Team- Bhagwan Ram Bhakts,@Payal_Rohatgi
291,https://pbs.twimg.com/profile_images/1066939255476248576/MiVuiz0-_400x400.jpg,Sana Khaan,@sanaak21
292,https://pbs.twimg.com/profile_images/1198969343100542976/LsYycDUv_400x400.jpg,Ananya Panday,@ananyapandayy
293,https://pbs.twimg.com/profile_images/1233837070264782848/wCTTAS5N_400x400.jpg,Karanvir Bohra,@KVBohra
294,https://pbs.twimg.com/profile_images/1223334893586931713/V2AT_Zfb_400x400.jpg,Vidyut Jammwal,@VidyutJammwal
295,https://pbs.twimg.com/profile_images/378800000812449082/2ad999b6aac6ca3b73d067e32efb326e_400x400.jpeg,Chunky Panday,@ChunkyThePanday
296,https://pbs.twimg.com/profile_images/1239128474058514438/G3FdMV_-_400x400.jpg,Shafaqnaaz,@shafaqnaaz777
297,https://pbs.twimg.com/profile_images/858257973147086848/kuL4VsBt_400x400.jpg,Charnpreet Insan,@Charnpreet77
298,https://pbs.twimg.com/profile_images/741934918/img-001223_copy_400x400.jpg,neelam kothari soni,@neelamkothari
299,https://pbs.twimg.com/profile_images/1252295590261649412/MYEfX3Ni_400x400.jpg,Ranvir Shorey,@RanvirShorey
300,https://pbs.twimg.com/profile_images/960155350/IMG_5375_400x400.JPG,Namitha,@inamitha
301,https://pbs.twimg.com/profile_images/1176773910336921600/N94bqJrj_400x400.jpg,Shakti Arora,@shaktiarora
302,https://pbs.twimg.com/profile_images/1241238140628512768/S8LVG9M3_400x400.jpg,Sanya Malhotra,@sanyamalhotra07
303,https://pbs.twimg.com/profile_images/3634544365/7f37850f39fd33cede5ed293e6ce6d30_400x400.jpeg,Nafisa Khan,@jiahkhan
304,https://pbs.twimg.com/profile_images/652106818567700481/KBld82QK_400x400.jpg,Maheep Kapoor ‚ù§Ô∏è‚ú®‚ú®,@maheepkapoor
305,https://pbs.twimg.com/profile_images/1237375414378651648/qyDxgcw7_400x400.jpg,Sachiin,@sachiinjoshi
306,https://pbs.twimg.com/profile_images/1241752601177346049/RER1hojQ_400x400.jpg,Shahid Kapoor Online / #Jersey,@Shahid_Online
307,https://pbs.twimg.com/profile_images/910671033/IMG00060-20090828-1916_400x400.jpg,Bhavana Pandey,@BhavanaPandey
308,https://pbs.twimg.com/profile_images/1251522611579727878/njWGKxaW_400x400.jpg,Chiyaan Vikram Fans,@chiyaanCVF
309,https://pbs.twimg.com/profile_images/977468648678920192/rzxl_2cx_400x400.jpg,Sana Saeed,@sanasaeed17
310,https://pbs.twimg.com/profile_images/1222254442579288064/SsAThEr3_400x400.jpg,Karan Singh Grover,@Iamksgofficial
311,https://pbs.twimg.com/profile_images/1250792326147932160/8kSnqRDo_400x400.jpg,sanjay suri,@sanjaysuri
312,https://pbs.twimg.com/profile_images/1240157526588567552/g04qXRM5_400x400.jpg,Amyra Dastur,@AmyraDastur93
313,https://pbs.twimg.com/profile_images/839615118254227456/wAGozuuc_400x400.jpg,rohini iyer,@rohiniyer
314,https://pbs.twimg.com/profile_images/3689331972/c25f84b62c20304b0431a722e1de5c15_400x400.jpeg,Anushka Shetty,@_anushkashetty
315,https://pbs.twimg.com/profile_images/1491608235/KB_ON_TWITTER_2011_400x400.jpg,KABIR BEDI,@iKabirBedi
316,https://pbs.twimg.com/profile_images/1249440922640752640/tvnfBKXV_400x400.jpg,Sara Ali Khan,@mysarakhan
317,https://pbs.twimg.com/profile_images/1142737555709997057/akC73cDj_400x400.jpg,Shama Sikander,@shamasikander
318,https://pbs.twimg.com/profile_images/1250029977845686272/pFSgJC-I_400x400.jpg,Shahana Goswami,@ShahanaGoswami
319,https://pbs.twimg.com/profile_images/502150752739921920/4GIohhb5_400x400.jpeg,Rima Kallingal,@rimakallingal
320,https://pbs.twimg.com/profile_images/1108949604/40534_143065852384236_100000424655045_319120_6653255_n_400x400.jpg,silambarasan,@STRhere
321,https://pbs.twimg.com/profile_images/767363624843304960/0zV4Iypq_400x400.jpg,Vidya Balan FC,@Vidya_BalanFC
322,https://pbs.twimg.com/profile_images/695337180693032962/N6LNeCt1_400x400.jpg,Yuvika Choudhary,@yuvikachoudhary
323,https://pbs.twimg.com/profile_images/1055049628389756928/FQ0XnraD_400x400.jpg,Rhea Chakraborty,@Tweet2Rhea
324,https://pbs.twimg.com/profile_images/1210427082305462272/Obtadyrb_400x400.jpg,Roopa Ganguly,@RoopaSpeaks
325,https://pbs.twimg.com/profile_images/1128390863/uzz_400x400.jpg,kangana ranaut,@kangna_ranaut
326,https://pbs.twimg.com/profile_images/710235023178403842/bG8MtwS-_400x400.jpg,Paras Arora,@theparasarora
327,https://pbs.twimg.com/profile_images/938034610453098496/ENc2y53V_400x400.jpg,Saqib Saleem,@Saqibsaleem
328,https://pbs.twimg.com/profile_images/1175013624995123200/r-7k5xWJ_400x400.jpg,Catherine Tresa,@CatherineTresa1
329,https://pbs.twimg.com/profile_images/633384675722022912/T96tIxch_400x400.jpg,Priyanka Chopra FC,@PriyankaFanClub
330,https://pbs.twimg.com/profile_images/794530859416174593/L9FNCpoL_400x400.jpg,Punit J Pathak,@punitjpathak
331,https://pbs.twimg.com/profile_images/1175495299/11_-_Copy__2__400x400.jpg,Dev Anand,@itsmedevanand
332,https://pbs.twimg.com/profile_images/1114506749594095618/5y1cPWcs_400x400.jpg,Milind Usha Soman,@milindrunning
333,https://pbs.twimg.com/profile_images/1068132999105892353/WrudJewf_400x400.jpg,Ôº≠ÔΩâÔΩìÔΩîÔΩÖÔΩí„ÄÄÔº£ÔΩàÔΩÅÔΩéÔΩá,@MeiyangChang
334,https://pbs.twimg.com/profile_images/858235973850734592/fYbpdwZX_400x400.jpg,Dhaval Gada,@gada_dhaval
335,https://pbs.twimg.com/profile_images/1244891699962187777/gop_XE5E_400x400.jpg,Khurafati Nitin,@khurafatinitin
336,https://pbs.twimg.com/profile_images/1051823033428652033/wIFIFxqW_400x400.jpg,Praneet bhat,@PraneetBhat
337,https://pbs.twimg.com/profile_images/1482812466/324685664_400x400.jpg,indah kalalo,@indah_kalalo
338,https://pbs.twimg.com/profile_images/735479183879643136/5MNaqk-A_400x400.jpg,Dimpy Ganguly,@iamdimpyganguly
339,https://pbs.twimg.com/profile_images/576805180659761152/uMJXnXa5_400x400.jpeg,Ranbir Kapoor,@ranbirrk
340,https://pbs.twimg.com/profile_images/946039306161754112/8J-Kq0Nt_400x400.jpg,Maryam Zakaria,@MaryamZakaria
341,https://pbs.twimg.com/profile_images/692188807790223363/KUMUeoD9_400x400.jpg,Freida Pinto,@BecauseImFreida
342,https://pbs.twimg.com/profile_images/1240442941891477504/vFQqVVqk_400x400.jpg,Arsh Bajwa,@arshbajwaa
343,https://pbs.twimg.com/profile_images/667250879674748928/WY2HkHaP_400x400.jpg,Shantanu Maheshwari,@shantanum07
344,https://pbs.twimg.com/profile_images/1098171323442962432/my_7TcDK_400x400.jpg,rajat tokas,@RajjatTokas
345,https://pbs.twimg.com/profile_images/1236442992933777409/JXS3SW0-_400x400.jpg,Ravi P Bhatiya,@ravipbhatiya
346,https://pbs.twimg.com/profile_images/992109817366962176/82rs7sqf_400x400.jpg,Ena Saha,@SahaEna
347,https://pbs.twimg.com/profile_images/723172222/sana1_400x400.jpg,Sana khan,@sanakhan0023
348,https://pbs.twimg.com/profile_images/1132524486379618309/3-ClfQy3_400x400.jpg,ANIRUDH DAVE,@aniruddh_dave
349,https://pbs.twimg.com/profile_images/1038269401269772288/JjWOF5hR_400x400.jpg,Soumik Sen,@bangdu
350,https://pbs.twimg.com/profile_images/470538690138087424/nFVYZnWs_400x400.jpeg,Vanessa Price,@ThatLadyV
351,https://pbs.twimg.com/profile_images/1095588808182153217/9qGkVgN__400x400.jpg,Siddhant Chaturvedi,@SiddhantChturvD
352,https://pbs.twimg.com/profile_images/1251188690644164609/FARAgLHB_400x400.jpg,Naveen Kasturia,@nouwwwin
353,https://pbs.twimg.com/profile_images/921419481137659904/Zx7hBn58_400x400.jpg,Mahesh Shetty,@maheshshetty
354,https://pbs.twimg.com/profile_images/473100357183086593/Tb1zDfon_400x400.jpeg,Team Preity Zinta,@teampreity
355,https://pbs.twimg.com/profile_images/652678679735218176/W8Nsf9v5_400x400.jpg,Aishwarya Rai,@AishwaryaRai
356,https://pbs.twimg.com/profile_images/1767802118/13205116918091327032388700_400x400.jpg,Salman Khan,@imsalman
357,https://pbs.twimg.com/profile_images/847925715169300480/KypUxcwf_400x400.jpg,Anirban Dasgupta,@adg_5
358,https://pbs.twimg.com/profile_images/1692678436/Mammootty_300_400x400.jpg,Mammootty,@mammootty
359,https://pbs.twimg.com/profile_images/1212237905961185280/iY0wBpD9_400x400.jpg,Gulshan Devaiah,@gulshandevaiah
360,https://pbs.twimg.com/profile_images/1065930848141230080/dUd7dJC0_400x400.jpg,Waluscha De Sousa,@Iamwaluscha
361,https://pbs.twimg.com/profile_images/1234373840152776704/0ox0h38e_400x400.jpg,Fahadh Faasil,@Fahadh_Offl
362,https://pbs.twimg.com/profile_images/486717776950591488/USnTlQ35_400x400.jpeg,Saurabh Raj Jain,@SaurabhRajJain
363,https://pbs.twimg.com/profile_images/864236796493922305/xVkfbCVx_400x400.jpg,Akshay Oberoi,@Akshay0beroi
364,https://pbs.twimg.com/profile_images/1189338838507741185/dNV216De_400x400.jpg,.,@shan_daar
365,https://pbs.twimg.com/profile_images/878612904161026049/7Ltgk7uD_400x400.jpg,Shiv Panditt,@ShivPanditt
366,https://pbs.twimg.com/profile_images/378800000721582335/e6a3bc2357267fd23b1cc4b67110f457_400x400.jpeg,Charmy Kaur,@CharmyKaur
367,https://pbs.twimg.com/profile_images/414381701683752960/H8dwIS4__400x400.jpeg,‡¥ú‡µã‡µº‡¥ú‡µç‡¥ï‡µÅ‡¥ü‡µç‡¥ü‡¥ø,@Dhrishyam
